Nombres,Precios
"Apple iPhone 14 Pro Max 1 TB Falcon 150 gramos oro 14K con diamantes, video",MXN $630 607.91
Apple iPhone 14 Pro Max A16 128 GB 256 GB 512 GB 1 TB Desbloqueado Nuevo Sellado,MXN $26 241.04 a MXN $36 944.43
Apple iPhone 14 Pro - 256 GB - Negro espacial (Desbloqueado),MXN $16 053.48
Apple iPhone 14 azul 128 GB (T-Mobile) por favor lee,MXN $6 646.25
Apple iPhone 14 Pro Max - 256 GB - púrpura profundo (AT&T),MXN $16 485.89
Apple iPhone 14 Pro desbloqueado eSim 256 GB,MXN $17 999.35
Apple iPhone 14 Pro - 128 GB - púrpura profundo (T-Mobile),MXN $9 188.86
Apple iPhone 14 Pro Max - 256 GB (AT&T) - Comprueba ESN - SOLO para piezas,MXN $12 233.79
Apple iPhone 14 Pro Max - 256 GB,MXN $20 812.36
Apple iPhone 14 128 GB - Azul * DESBLOQUEADO * #450,MXN $10 629.35
Apple iPhone 14 - cricket - OFERTA DE VALOR - NUEVO - ¡regalos por valor de $100!,MXN $10 792.40
Apple iPhone 14 Pro - 128 GB - dorado (espectro),MXN $11 873.45
Apple iPhone 14 Pro Max - 128 GB - Negro espacial (Desbloqueado),MXN $15 314.76
Anuncio nuevoiPhone 14 azul 128 GB caja sellada,MXN $14 026.61
Apple iPhone 14 Pro - 256 GB - púrpura profundo,MXN $12 972.51
Apple iPhone 14 A2882 - 128 GB - Azul (Sin bloqueo de SIM) (Doble SIM) Nuevo new,MXN $10 310.71
Apple iPhone 14 Pro Max A16 A2894* Desbloqueado de fábrica Nuevo Sellado Doble-Sim - FedEX,MXN $25 917.98 a MXN $37 101.37
Apple iPhone 14 Pro A16 A2890* Desbloqueado de fábrica Nuevo Sellado Doble-Sim - FedEX,MXN $22 435.23 a MXN $35 755.47
Apple iPhone 14 Pro Max - 256 GB (AT&T) - Comprueba ESN - SOLO para piezas,MXN $13 314.84
Apple iPhone 14 Pro Max 1tb Joker Edition,MXN $126 121.58
Apple iPhone 14 - 128 GB - Starlight (Desbloqueado),MXN $12 926.06
Apple iPhone 14 Pro Max - 128 GB - Sim físico púrpura profundo (desbloqueado),MXN $22 611.80
Apple iPhone 14 Plus - 128 GB - púrpura (desbloqueado),MXN $13 487.13
Apple iPhone 14 Pro - 1 TB - Púrpura Profundo (Verizon) SIM BLOQUEADO,MXN $13 152.68
Apple iPhone 14 Pro Max 128 GB dorado (AT&T) sellado portador LEER,MXN $18 017.37
Apple iPhone 14 Pro - 128 GB - dorado (T-Mobile),MXN $11 891.46
APPLE iPhone 14 Pro - 128 GB - Plateado - NUEVO,MXN $20 621.42
Apple iPhone 14 Pro - 128 GB - púrpura profundo (desbloqueado),MXN $13 062.59
Apple iPhone 14 Plus - 128 GB - Azul (Desbloqueado),MXN $12 251.81
Apple iPhone 14 Pro Max - 1 TB - Púrpura Profundo (Desbloqueado),MXN $23 305.75
Apple iPhone 14 Plus - 128 GB - Starlight (Desbloqueado),MXN $8 718.08
Apple iPhone 14 Plus 128 GB Nuevo DESBLOQUEADO Negro Medianoche con Caja,MXN $14 566.10
"Apple iPhone 14 Pro Max - 256 GB - Dorado LEER (para piezas, TAL CUAL iCloud) Ubicación",MXN $11 729.13
Apple iPhone 14 Plus 5G 128 GB medianoche - (Desbloqueado) ,MXN $12 954.49
Apple iPhone 14 Plus - 256- Starlight (Desbloqueado),MXN $10 990.78
Apple iPhone 14 - 128 GB - Medianoche - Comprueba ESN,MXN $6 035.82
Apple iPhone 14 - 128 GB - Medianoche (Desbloqueado) A2882 (GSM) con extras,MXN $7 337.00
Apple iPhone 14 - 128 GB - Azul (Desbloqueado),MXN $11 437.08
Apple iPhone 14 Pro - 128 GB - Púrpura Profundo (Desbloqueado) NUEVO SELLADO ,MXN $16 400.35
Apple iPhone 14 Pro Max - 1 TB - Púrpura Profundo (Desbloqueado),MXN $27 476.49
Apple iPhone 14 - 128 GB - Azul (Desbloqueado) (CA),MXN $6 981.89
Apple iPhone 14 Pro 128 GB ESN MALO Negro Espacial (Quimera),MXN $9 188.86
Apple iPhone 14 Plus - 128 GB - azul (T-Mobile),MXN $6 846.60
Apple iPhone 14 - 128 GB Azul (Desbloqueado) ** Lista Negra en el Reino Unido Sin Señal **,MXN $13 808.66
